{
    "name": "Spot Funnel - Booking Backend",
    "nodes": [
        {
            "parameters": {
                "httpMethod": "POST",
                "path": "book-appointment",
                "options": {}
            },
            "id": "booking-webhook",
            "name": "Booking Webhook",
            "type": "n8n-nodes-base.webhook",
            "typeVersion": 1,
            "position": [
                100,
                300
            ],
            "webhookId": "book-appointment"
        },
        {
            "parameters": {
                "operation": "lookup",
                "documentId": {
                    "__rl": true,
                    "value": "1dXfHa8tAip89fpoyCjEEAClUORYtq3KUV4rYaLq4D7w",
                    "mode": "id"
                },
                "sheetName": {
                    "__rl": true,
                    "value": "Sheet1",
                    "mode": "name"
                },
                "lookupColumn": "customer_email",
                "lookupValue": "={{ $json.body.expert_email }}",
                "options": {}
            },
            "id": "lookup-tokens",
            "name": "Get User Tokens",
            "type": "n8n-nodes-base.googleSheets",
            "typeVersion": 4,
            "position": [
                300,
                300
            ],
            "credentials": {
                "googleSheetsOAuth2Api": {
                    "id": "REPLACE_WITH_YOUR_GOOGLE_SHEETS_CREDENTIAL_ID",
                    "name": "Google Sheets account"
                }
            }
        },
        {
            "parameters": {
                "conditions": {
                    "string": [
                        {
                            "value1": "={{ $json.provider }}",
                            "value2": "google"
                        }
                    ]
                }
            },
            "id": "check-provider",
            "name": "Google or Microsoft?",
            "type": "n8n-nodes-base.if",
            "typeVersion": 1,
            "position": [
                500,
                300
            ]
        },
        {
            "parameters": {
                "conditions": {
                    "dateTime": [
                        {
                            "value1": "={{ $json.expires_at }}",
                            "value2": "={{ $now }}"
                        }
                    ]
                }
            },
            "id": "check-google-expiry",
            "name": "Google Token Expired?",
            "type": "n8n-nodes-base.if",
            "typeVersion": 1,
            "position": [
                700,
                200
            ]
        },
        {
            "parameters": {
                "method": "POST",
                "url": "https://oauth2.googleapis.com/token",
                "sendBody": true,
                "bodyParameters": {
                    "parameters": [
                        {
                            "name": "client_id",
                            "value": "795418246463-bfh03g04tkgpletq92dj5n541qaeconf.apps.googleusercontent.com"
                        },
                        {
                            "name": "client_secret",
                            "value": "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"
                        },
                        {
                            "name": "refresh_token",
                            "value": "={{ $json.refresh_token }}"
                        },
                        {
                            "name": "grant_type",
                            "value": "refresh_token"
                        }
                    ]
                },
                "options": {}
            },
            "id": "refresh-google-token",
            "name": "Refresh Google Token",
            "type": "n8n-nodes-base.httpRequest",
            "typeVersion": 4,
            "position": [
                900,
                100
            ]
        },
        {
            "parameters": {
                "operation": "update",
                "documentId": {
                    "__rl": true,
                    "value": "1dXfHa8tAip89fpoyCjEEAClUORYtq3KUV4rYaLq4D7w",
                    "mode": "id"
                },
                "sheetName": {
                    "__rl": true,
                    "value": "Sheet1",
                    "mode": "name"
                },
                "columnToMatchOn": "customer_email",
                "valueToMatchOn": "={{ $('Get User Tokens').item.json.customer_email }}",
                "fieldsToUpdate": {
                    "mappingMode": "defineBelow",
                    "value": {
                        "access_token": "={{ $json.access_token }}",
                        "expires_at": "={{ $now.plus($json.expires_in, 'seconds').toISO() }}"
                    }
                },
                "options": {}
            },
            "id": "update-google-sheet",
            "name": "Update Google Sheet",
            "type": "n8n-nodes-base.googleSheets",
            "typeVersion": 4,
            "position": [
                1100,
                100
            ],
            "credentials": {
                "googleSheetsOAuth2Api": {
                    "id": "REPLACE_WITH_YOUR_GOOGLE_SHEETS_CREDENTIAL_ID",
                    "name": "Google Sheets account"
                }
            }
        },
        {
            "parameters": {
                "method": "POST",
                "url": "https://www.googleapis.com/calendar/v3/calendars/primary/events",
                "sendBody": true,
                "contentType": "json",
                "headerParameters": {
                    "parameters": [
                        {
                            "name": "Authorization",
                            "value": "Bearer {{ $('Refresh Google Token').item.json.access_token }}"
                        }
                    ]
                },
                "bodyParameters": {
                    "parameters": [
                        {
                            "name": "summary",
                            "value": "New Appointment: {{ $('Booking Webhook').item.json.body.customer_name }}"
                        },
                        {
                            "name": "description",
                            "value": "Phone: {{ $('Booking Webhook').item.json.body.customer_phone }}"
                        },
                        {
                            "name": "start",
                            "value": "={{ {\"dateTime\": $('Booking Webhook').item.json.body.start_time } }}"
                        },
                        {
                            "name": "end",
                            "value": "={{ {\"dateTime\": $('Booking Webhook').item.json.body.end_time } }}"
                        }
                    ]
                },
                "options": {}
            },
            "id": "create-google-event",
            "name": "Create Google Event",
            "type": "n8n-nodes-base.httpRequest",
            "typeVersion": 4,
            "position": [
                1300,
                200
            ]
        },
        {
            "parameters": {
                "conditions": {
                    "dateTime": [
                        {
                            "value1": "={{ $json.expires_at }}",
                            "value2": "={{ $now }}"
                        }
                    ]
                }
            },
            "id": "check-microsoft-expiry",
            "name": "Microsoft Token Expired?",
            "type": "n8n-nodes-base.if",
            "typeVersion": 1,
            "position": [
                700,
                450
            ]
        },
        {
            "parameters": {
                "method": "POST",
                "url": "https://login.microsoftonline.com/common/oauth2/v2.0/token",
                "sendBody": true,
                "bodyParameters": {
                    "parameters": [
                        {
                            "name": "client_id",
                            "value": "94737022-12ef-49b5-b560-11d6ca4af6b9"
                        },
                        {
                            "name": "client_secret",
                            "value": "9j88Q~2ZOVkCTUMEm14.4ond0Ur-o5RBE39C-baQ"
                        },
                        {
                            "name": "refresh_token",
                            "value": "={{ $json.refresh_token }}"
                        },
                        {
                            "name": "grant_type",
                            "value": "refresh_token"
                        }
                    ]
                },
                "options": {}
            },
            "id": "refresh-microsoft-token",
            "name": "Refresh Microsoft Token",
            "type": "n8n-nodes-base.httpRequest",
            "typeVersion": 4,
            "position": [
                900,
                550
            ]
        },
        {
            "parameters": {
                "operation": "update",
                "documentId": {
                    "__rl": true,
                    "value": "1dXfHa8tAip89fpoyCjEEAClUORYtq3KUV4rYaLq4D7w",
                    "mode": "id"
                },
                "sheetName": {
                    "__rl": true,
                    "value": "Sheet1",
                    "mode": "name"
                },
                "columnToMatchOn": "customer_email",
                "valueToMatchOn": "={{ $('Get User Tokens').item.json.customer_email }}",
                "fieldsToUpdate": {
                    "mappingMode": "defineBelow",
                    "value": {
                        "access_token": "={{ $json.access_token }}",
                        "expires_at": "={{ $now.plus($json.expires_in, 'seconds').toISO() }}"
                    }
                },
                "options": {}
            },
            "id": "update-microsoft-sheet",
            "name": "Update Microsoft Sheet",
            "type": "n8n-nodes-base.googleSheets",
            "typeVersion": 4,
            "position": [
                1100,
                550
            ],
            "credentials": {
                "googleSheetsOAuth2Api": {
                    "id": "REPLACE_WITH_YOUR_GOOGLE_SHEETS_CREDENTIAL_ID",
                    "name": "Google Sheets account"
                }
            }
        },
        {
            "parameters": {
                "method": "POST",
                "url": "https://graph.microsoft.com/v1.0/me/events",
                "sendBody": true,
                "contentType": "json",
                "headerParameters": {
                    "parameters": [
                        {
                            "name": "Authorization",
                            "value": "Bearer {{ $('Refresh Microsoft Token').item.json.access_token }}"
                        }
                    ]
                },
                "bodyParameters": {
                    "parameters": [
                        {
                            "name": "subject",
                            "value": "New Appointment: {{ $('Booking Webhook').item.json.body.customer_name }}"
                        },
                        {
                            "name": "body",
                            "value": "={{ {\"contentType\": \"HTML\", \"content\": \"Phone: \" + $('Booking Webhook').item.json.body.customer_phone } }}"
                        },
                        {
                            "name": "start",
                            "value": "={{ {\"dateTime\": $('Booking Webhook').item.json.body.start_time, \"timeZone\": \"UTC\" } }}"
                        },
                        {
                            "name": "end",
                            "value": "={{ {\"dateTime\": $('Booking Webhook').item.json.body.end_time, \"timeZone\": \"UTC\" } }}"
                        }
                    ]
                },
                "options": {}
            },
            "id": "create-microsoft-event",
            "name": "Create Microsoft Event",
            "type": "n8n-nodes-base.httpRequest",
            "typeVersion": 4,
            "position": [
                1300,
                450
            ]
        }
    ],
    "connections": {
        "Booking Webhook": {
            "main": [
                [
                    {
                        "node": "Get User Tokens",
                        "type": "main",
                        "index": 0
                    }
                ]
            ]
        },
        "Get User Tokens": {
            "main": [
                [
                    {
                        "node": "Google or Microsoft?",
                        "type": "main",
                        "index": 0
                    }
                ]
            ]
        },
        "Google or Microsoft?": {
            "main": [
                [
                    {
                        "node": "Google Token Expired?",
                        "type": "main",
                        "index": 0
                    }
                ],
                [
                    {
                        "node": "Microsoft Token Expired?",
                        "type": "main",
                        "index": 0
                    }
                ]
            ]
        },
        "Google Token Expired?": {
            "main": [
                [
                    {
                        "node": "Create Google Event",
                        "type": "main",
                        "index": 0
                    }
                ],
                [
                    {
                        "node": "Refresh Google Token",
                        "type": "main",
                        "index": 0
                    }
                ]
            ]
        },
        "Refresh Google Token": {
            "main": [
                [
                    {
                        "node": "Update Google Sheet",
                        "type": "main",
                        "index": 0
                    }
                ]
            ]
        },
        "Update Google Sheet": {
            "main": [
                [
                    {
                        "node": "Create Google Event",
                        "type": "main",
                        "index": 0
                    }
                ]
            ]
        },
        "Microsoft Token Expired?": {
            "main": [
                [
                    {
                        "node": "Create Microsoft Event",
                        "type": "main",
                        "index": 0
                    }
                ],
                [
                    {
                        "node": "Refresh Microsoft Token",
                        "type": "main",
                        "index": 0
                    }
                ]
            ]
        },
        "Refresh Microsoft Token": {
            "main": [
                [
                    {
                        "node": "Update Microsoft Sheet",
                        "type": "main",
                        "index": 0
                    }
                ]
            ]
        },
        "Update Microsoft Sheet": {
            "main": [
                [
                    {
                        "node": "Create Microsoft Event",
                        "type": "main",
                        "index": 0
                    }
                ]
            ]
        }
    }
}