{
    "name": "Spot Funnel - V2 Granular OAuth",
    "nodes": [
        {
            "parameters": {
                "httpMethod": "GET",
                "path": "google-oauth-callback",
                "responseMode": "responseNode",
                "options": {}
            },
            "id": "google-webhook",
            "name": "Google Webhook",
            "type": "n8n-nodes-base.webhook",
            "typeVersion": 1,
            "position": [
                100,
                300
            ]
        },
        {
            "parameters": {
                "httpMethod": "GET",
                "path": "microsoft-oauth-callback",
                "responseMode": "responseNode",
                "options": {}
            },
            "id": "microsoft-webhook",
            "name": "Microsoft Webhook",
            "type": "n8n-nodes-base.webhook",
            "typeVersion": 1,
            "position": [
                100,
                500
            ]
        },
        {
            "parameters": {
                "method": "POST",
                "url": "https://oauth2.googleapis.com/token",
                "sendBody": true,
                "bodyParameters": {
                    "parameters": [
                        {
                            "name": "code",
                            "value": "={{ $json.query.code }}"
                        },
                        {
                            "name": "client_id",
                            "value": "795418246463-bfh03g04tkgpletq92dj5n541qaeconf.apps.googleusercontent.com"
                        },
                        {
                            "name": "client_secret",
                            "value": "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"
                        },
                        {
                            "name": "redirect_uri",
                            "value": "https://spotfunnel.app.n8n.cloud/webhook/google-oauth-callback"
                        },
                        {
                            "name": "grant_type",
                            "value": "authorization_code"
                        }
                    ]
                },
                "options": {}
            },
            "id": "google-token",
            "name": "Exchange Google Token",
            "type": "n8n-nodes-base.httpRequest",
            "typeVersion": 4,
            "position": [
                300,
                300
            ]
        },
        {
            "parameters": {
                "method": "POST",
                "url": "https://login.microsoftonline.com/common/oauth2/v2.0/token",
                "sendBody": true,
                "bodyParameters": {
                    "parameters": [
                        {
                            "name": "code",
                            "value": "={{ $json.query.code }}"
                        },
                        {
                            "name": "client_id",
                            "value": "94737022-12ef-49b5-b560-11d6ca4af6b9"
                        },
                        {
                            "name": "client_secret",
                            "value": "9j88Q~2ZOVkCTUMEm14.4ond0Ur-o5RBE39C-baQ"
                        },
                        {
                            "name": "redirect_uri",
                            "value": "https://spotfunnel.app.n8n.cloud/webhook/microsoft-oauth-callback"
                        },
                        {
                            "name": "grant_type",
                            "value": "authorization_code"
                        }
                    ]
                },
                "options": {}
            },
            "id": "microsoft-token",
            "name": "Exchange Microsoft Token",
            "type": "n8n-nodes-base.httpRequest",
            "typeVersion": 4,
            "position": [
                300,
                500
            ]
        },
        {
            "parameters": {
                "url": "https://www.googleapis.com/oauth2/v3/userinfo",
                "authentication": "genericCredentialType",
                "genericAuthType": "httpHeaderAuth",
                "options": {}
            },
            "id": "get-google-user",
            "name": "Get Google User",
            "type": "n8n-nodes-base.httpRequest",
            "typeVersion": 4,
            "position": [
                400,
                300
            ],
            "credentials": {
                "httpHeaderAuth": {
                    "id": "TEMP_CRED_ID",
                    "name": "Header Auth"
                }
            },
            "parameters": {
                "url": "https://www.googleapis.com/oauth2/v3/userinfo",
                "sendHeaders": true,
                "headerParameters": {
                    "parameters": [
                        {
                            "name": "Authorization",
                            "value": "=Bearer {{ $node[\"Exchange Google Token\"].json.access_token }}"
                        }
                    ]
                },
                "options": {}
            }
        },
        {
            "parameters": {
                "url": "https://graph.microsoft.com/v1.0/me",
                "sendHeaders": true,
                "headerParameters": {
                    "parameters": [
                        {
                            "name": "Authorization",
                            "value": "=Bearer {{ $node[\"Exchange Microsoft Token\"].json.access_token }}"
                        }
                    ]
                },
                "options": {}
            },
            "id": "get-microsoft-user",
            "name": "Get Microsoft User",
            "type": "n8n-nodes-base.httpRequest",
            "typeVersion": 4,
            "position": [
                400,
                500
            ]
        },
        {
            "parameters": {
                "operation": "append",
                "documentId": {
                    "__rl": true,
                    "value": "1dXfHa8tAip89fpoyCjEEAClUORYtq3KUV4rYaLq4D7w",
                    "mode": "id"
                },
                "sheetName": {
                    "__rl": true,
                    "value": "Sheet1",
                    "mode": "name"
                },
                "columns": {
                    "mappingMode": "defineBelow",
                    "value": {
                        "customer_email": "={{ $node[\"Google Webhook\"].json.query.state.split('|')[0] }}",
                        "type": "={{ $node[\"Google Webhook\"].json.query.state.split('|')[1] }}",
                        "login_email": "={{ $json.email }}",
                        "user_id": "={{ $json.sub }}",
                        "provider": "google",
                        "access_token": "={{ $node[\"Exchange Google Token\"].json.access_token }}",
                        "refresh_token": "={{ $node[\"Exchange Google Token\"].json.refresh_token }}",
                        "expires_in": "={{ $node[\"Exchange Google Token\"].json.expires_in }}",
                        "created_at": "={{ $now.toISO() }}"
                    }
                },
                "options": {}
            },
            "id": "store-google",
            "name": "Store Google",
            "type": "n8n-nodes-base.googleSheets",
            "typeVersion": 4,
            "position": [
                500,
                300
            ],
            "credentials": {
                "googleSheetsOAuth2Api": {
                    "id": "REPLACE_WITH_YOUR_GOOGLE_SHEETS_CREDENTIAL_ID",
                    "name": "Google Sheets account"
                }
            }
        },
        {
            "parameters": {
                "operation": "append",
                "documentId": {
                    "__rl": true,
                    "value": "1dXfHa8tAip89fpoyCjEEAClUORYtq3KUV4rYaLq4D7w",
                    "mode": "id"
                },
                "sheetName": {
                    "__rl": true,
                    "value": "Sheet1",
                    "mode": "name"
                },
                "columns": {
                    "mappingMode": "defineBelow",
                    "value": {
                        "customer_email": "={{ $node[\"Microsoft Webhook\"].json.query.state.split('|')[0] }}",
                        "type": "={{ $node[\"Microsoft Webhook\"].json.query.state.split('|')[1] }}",
                        "login_email": "={{ $json.mail || $json.userPrincipalName }}",
                        "user_id": "={{ $json.id }}",
                        "provider": "microsoft",
                        "access_token": "={{ $node[\"Exchange Microsoft Token\"].json.access_token }}",
                        "refresh_token": "={{ $node[\"Exchange Microsoft Token\"].json.refresh_token }}",
                        "expires_in": "={{ $node[\"Exchange Microsoft Token\"].json.expires_in }}",
                        "created_at": "={{ $now.toISO() }}"
                    }
                },
                "options": {}
            },
            "id": "store-microsoft",
            "name": "Store Microsoft",
            "type": "n8n-nodes-base.googleSheets",
            "typeVersion": 4,
            "position": [
                500,
                500
            ],
            "credentials": {
                "googleSheetsOAuth2Api": {
                    "id": "REPLACE_WITH_YOUR_GOOGLE_SHEETS_CREDENTIAL_ID",
                    "name": "Google Sheets account"
                }
            }
        },
        {
            "parameters": {
                "respondWith": "redirect",
                "redirectUrl": "=https://spotfunnel.com/connect?success=true&service=google&type={{ $node[\"Google Webhook\"].json.query.state.split('|')[1] }}",
                "options": {}
            },
            "id": "redirect-google",
            "name": "Redirect Google",
            "type": "n8n-nodes-base.respondToWebhook",
            "typeVersion": 1,
            "position": [
                700,
                300
            ]
        },
        {
            "parameters": {
                "respondWith": "redirect",
                "redirectUrl": "=https://spotfunnel.com/connect?success=true&service=microsoft&type={{ $node[\"Microsoft Webhook\"].json.query.state.split('|')[1] }}",
                "options": {}
            },
            "id": "redirect-microsoft",
            "name": "Redirect Microsoft",
            "type": "n8n-nodes-base.respondToWebhook",
            "typeVersion": 1,
            "position": [
                700,
                500
            ]
        },
        {
            "parameters": {
                "sendTo": "support@getspotfunnel.com",
                "subject": "=New {{ $node[\"Store Google\"].json.provider || $node[\"Store Microsoft\"].json.provider }} Connection: {{ $node[\"Store Google\"].json.type || $node[\"Store Microsoft\"].json.type }}",
                "message": "=User {{ $node[\"Store Google\"].json.customer_email || $node[\"Store Microsoft\"].json.customer_email }} connected {{ $node[\"Store Google\"].json.provider || $node[\"Store Microsoft\"].json.provider }} ({{ $node[\"Store Google\"].json.type || $node[\"Store Microsoft\"].json.type }}).\n\nCheck tokens in sheet.",
                "options": {}
            },
            "id": "send-email",
            "name": "Send Admin Email",
            "type": "n8n-nodes-base.gmail",
            "typeVersion": 2,
            "position": [
                900,
                400
            ],
            "credentials": {
                "gmailOAuth2": {
                    "id": "REPLACE_WITH_YOUR_GMAIL_CREDENTIAL_ID",
                    "name": "Gmail account"
                }
            }
        }
    ],
    "connections": {
        "Google Webhook": {
            "main": [
                [
                    {
                        "node": "Exchange Google Token",
                        "type": "main",
                        "index": 0
                    }
                ]
            ]
        },
        "Microsoft Webhook": {
            "main": [
                [
                    {
                        "node": "Exchange Microsoft Token",
                        "type": "main",
                        "index": 0
                    }
                ]
            ]
        },
        "Exchange Google Token": {
            "main": [
                [
                    {
                        "node": "Get Google User",
                        "type": "main",
                        "index": 0
                    }
                ]
            ]
        },
        "Get Google User": {
            "main": [
                [
                    {
                        "node": "Store Google",
                        "type": "main",
                        "index": 0
                    }
                ]
            ]
        },
        "Exchange Microsoft Token": {
            "main": [
                [
                    {
                        "node": "Get Microsoft User",
                        "type": "main",
                        "index": 0
                    }
                ]
            ]
        },
        "Get Microsoft User": {
            "main": [
                [
                    {
                        "node": "Store Microsoft",
                        "type": "main",
                        "index": 0
                    }
                ]
            ]
        },
        "Store Google": {
            "main": [
                [
                    {
                        "node": "Redirect Google",
                        "type": "main",
                        "index": 0
                    },
                    {
                        "node": "Send Admin Email",
                        "type": "main",
                        "index": 0
                    }
                ]
            ]
        },
        "Store Microsoft": {
            "main": [
                [
                    {
                        "node": "Redirect Microsoft",
                        "type": "main",
                        "index": 0
                    },
                    {
                        "node": "Send Admin Email",
                        "type": "main",
                        "index": 0
                    }
                ]
            ]
        }
    }
}