{
  "name": "Spot Funnel - Customer OAuth Authorization",
  "nodes": [
    {
      "parameters": {
        "httpMethod": "GET",
        "path": "google-oauth-callback",
        "responseMode": "responseNode",
        "options": {}
      },
      "id": "google-oauth-webhook",
      "name": "Google OAuth Callback",
      "type": "n8n-nodes-base.webhook",
      "typeVersion": 1,
      "position": [
        240,
        300
      ],
      "webhookId": "google-oauth-callback"
    },
    {
      "parameters": {
        "httpMethod": "GET",
        "path": "microsoft-oauth-callback",
        "responseMode": "responseNode",
        "options": {}
      },
      "id": "microsoft-oauth-webhook",
      "name": "Microsoft OAuth Callback",
      "type": "n8n-nodes-base.webhook",
      "typeVersion": 1,
      "position": [
        240,
        600
      ],
      "webhookId": "microsoft-oauth-callback"
    },
    {
      "parameters": {
        "method": "POST",
        "url": "https://oauth2.googleapis.com/token",
        "sendBody": true,
        "bodyParameters": {
          "parameters": [
            {
              "name": "code",
              "value": "={{ $json.query.code }}"
            },
            {
              "name": "client_id",
              "value": "795418246463-bfh03g04tkgpletq92dj5n541qaeconf.apps.googleusercontent.com"
            },
            {
              "name": "client_secret",
              "value": "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"
            },
            {
              "name": "redirect_uri",
              "value": "https://spotfunnel.app.n8n.cloud/webhook/google-oauth-callback"
            },
            {
              "name": "grant_type",
              "value": "authorization_code"
            }
          ]
        },
        "options": {}
      },
      "id": "google-exchange-token",
      "name": "Exchange Google Code for Token",
      "type": "n8n-nodes-base.httpRequest",
      "typeVersion": 4,
      "position": [
        460,
        300
      ]
    },
    {
      "parameters": {
        "method": "POST",
        "url": "https://login.microsoftonline.com/common/oauth2/v2.0/token",
        "sendBody": true,
        "bodyParameters": {
          "parameters": [
            {
              "name": "code",
              "value": "={{ $json.query.code }}"
            },
            {
              "name": "client_id",
              "value": "94737022-12ef-49b5-b560-11d6ca4af6b9"
            },
            {
              "name": "client_secret",
              "value": "9j88Q~2ZOVkCTUMEm14.4ond0Ur-o5RBE39C-baQ"
            },
            {
              "name": "redirect_uri",
              "value": "https://spotfunnel.app.n8n.cloud/webhook/microsoft-oauth-callback"
            },
            {
              "name": "grant_type",
              "value": "authorization_code"
            },
            {
              "name": "scope",
              "value": "https://graph.microsoft.com/Calendars.ReadWrite https://graph.microsoft.com/Mail.Send https://graph.microsoft.com/Mail.Read offline_access"
            }
          ]
        },
        "options": {}
      },
      "id": "microsoft-exchange-token",
      "name": "Exchange Microsoft Code for Token",
      "type": "n8n-nodes-base.httpRequest",
      "typeVersion": 4,
      "position": [
        460,
        600
      ]
    },
    {
      "parameters": {
        "operation": "append",
        "documentId": {
          "__rl": true,
          "value": "1dXfHa8tAip89fpoyCjEEAClUORYtq3KUV4rYaLq4D7w",
          "mode": "id"
        },
        "sheetName": {
          "__rl": true,
          "value": "Sheet1",
          "mode": "name"
        },
        "columns": {
          "mappingMode": "defineBelow",
          "value": {
            "customer_email": "={{ JSON.parse($json.query.state).email }}",
            "company_name": "={{ JSON.parse($json.query.state).company }}",
            "provider": "google",
            "access_token": "={{ $json.access_token }}",
            "refresh_token": "={{ $json.refresh_token }}",
            "expires_at": "={{ $now.plus($json.expires_in, 'seconds').toISO() }}",
            "created_at": "={{ $now.toISO() }}"
          }
        },
        "options": {}
      },
      "id": "store-google-tokens",
      "name": "Store Google Tokens in Sheet",
      "type": "n8n-nodes-base.googleSheets",
      "typeVersion": 4,
      "position": [
        680,
        300
      ],
      "credentials": {
        "googleSheetsOAuth2Api": {
          "id": "REPLACE_WITH_YOUR_GOOGLE_SHEETS_CREDENTIAL_ID",
          "name": "Google Sheets account"
        }
      }
    },
    {
      "parameters": {
        "operation": "append",
        "documentId": {
          "__rl": true,
          "value": "1dXfHa8tAip89fpoyCjEEAClUORYtq3KUV4rYaLq4D7w",
          "mode": "id"
        },
        "sheetName": {
          "__rl": true,
          "value": "Sheet1",
          "mode": "name"
        },
        "columns": {
          "mappingMode": "defineBelow",
          "value": {
            "customer_email": "={{ JSON.parse($json.query.state).email }}",
            "company_name": "={{ JSON.parse($json.query.state).company }}",
            "provider": "microsoft",
            "access_token": "={{ $json.access_token }}",
            "refresh_token": "={{ $json.refresh_token }}",
            "expires_at": "={{ $now.plus($json.expires_in, 'seconds').toISO() }}",
            "created_at": "={{ $now.toISO() }}"
          }
        },
        "options": {}
      },
      "id": "store-microsoft-tokens",
      "name": "Store Microsoft Tokens in Sheet",
      "type": "n8n-nodes-base.googleSheets",
      "typeVersion": 4,
      "position": [
        680,
        600
      ],
      "credentials": {
        "googleSheetsOAuth2Api": {
          "id": "REPLACE_WITH_YOUR_GOOGLE_SHEETS_CREDENTIAL_ID",
          "name": "Google Sheets account"
        }
      }
    },
    {
      "parameters": {
        "respondWith": "text",
        "responseBody": "=<!DOCTYPE html>\n<html>\n<head>\n    <title>Success!</title>\n    <style>\n        body {\n            font-family: Arial, sans-serif;\n            display: flex;\n            justify-content: center;\n            align-items: center;\n            height: 100vh;\n            margin: 0;\n            background: linear-gradient(135deg, #14b8a6 0%, #0f766e 100%);\n        }\n        .success-box {\n            background: white;\n            padding: 40px;\n            border-radius: 10px;\n            box-shadow: 0 4px 6px rgba(0,0,0,0.1);\n            text-align: center;\n            max-width: 400px;\n        }\n        h1 {\n            color: #0f766e;\n            margin-bottom: 20px;\n        }\n        p {\n            color: #666;\n            line-height: 1.6;\n        }\n        .checkmark {\n            font-size: 64px;\n            color: #14b8a6;\n            margin-bottom: 20px;\n        }\n    </style>\n</head>\n<body>\n    <div class=\"success-box\">\n        <div class=\"checkmark\">✓</div>\n        <h1>Calendar Connected!</h1>\n        <p>Your Google Calendar and Gmail are now connected to Spot Funnel.</p>\n        <p>You can close this window.</p>\n    </div>\n</body>\n</html>",
        "options": {}
      },
      "id": "google-success-response",
      "name": "Google Success Response",
      "type": "n8n-nodes-base.respondToWebhook",
      "typeVersion": 1,
      "position": [
        900,
        300
      ]
    },
    {
      "parameters": {
        "respondWith": "text",
        "responseBody": "=<!DOCTYPE html>\n<html>\n<head>\n    <title>Success!</title>\n    <style>\n        body {\n            font-family: Arial, sans-serif;\n            display: flex;\n            justify-content: center;\n            align-items: center;\n            height: 100vh;\n            margin: 0;\n            background: linear-gradient(135deg, #14b8a6 0%, #0f766e 100%);\n        }\n        .success-box {\n            background: white;\n            padding: 40px;\n            border-radius: 10px;\n            box-shadow: 0 4px 6px rgba(0,0,0,0.1);\n            text-align: center;\n            max-width: 400px;\n        }\n        h1 {\n            color: #0f766e;\n            margin-bottom: 20px;\n        }\n        p {\n            color: #666;\n            line-height: 1.6;\n        }\n        .checkmark {\n            font-size: 64px;\n            color: #14b8a6;\n            margin-bottom: 20px;\n        }\n    </style>\n</head>\n<body>\n    <div class=\"success-box\">\n        <div class=\"checkmark\">✓</div>\n        <h1>Calendar Connected!</h1>\n        <p>Your Outlook Calendar and Email are now connected to Spot Funnel.</p>\n        <p>You can close this window.</p>\n    </div>\n</body>\n</html>",
        "options": {}
      },
      "id": "microsoft-success-response",
      "name": "Microsoft Success Response",
      "type": "n8n-nodes-base.respondToWebhook",
      "typeVersion": 1,
      "position": [
        900,
        600
      ]
    },
    {
      "parameters": {
        "sendTo": "onboarding@getspotfunnel.com",
        "subject": "New Spot Funnel Connection: {{ JSON.parse($json.query.state).company }}",
        "message": "=A new customer has connected their calendar!\n\nProivder: {{ $node[\"Store Google Tokens in Sheet\"].json.provider || $node[\"Store Microsoft Tokens in Sheet\"].json.provider }}\nCompany: {{ JSON.parse($json.query.state).company }}\nEmail: {{ JSON.parse($json.query.state).email }}\n\nView in Database:\nhttps://docs.google.com/spreadsheets/d/1dXfHa8tAip89fpoyCjEEAClUORYtq3KUV4rYaLq4D7w/edit",
        "options": {}
      },
      "id": "send-admin-email",
      "name": "Send Admin Email",
      "type": "n8n-nodes-base.gmail",
      "typeVersion": 2,
      "position": [
        1120,
        450
      ],
      "credentials": {
        "gmailOAuth2": {
          "id": "REPLACE_WITH_YOUR_GMAIL_CREDENTIAL_ID",
          "name": "Gmail account"
        }
      }
    }
  ],
  "connections": {
    "Google OAuth Callback": {
      "main": [
        [
          {
            "node": "Exchange Google Code for Token",
            "type": "main",
            "index": 0
          }
        ]
      ]
    },
    "Microsoft OAuth Callback": {
      "main": [
        [
          {
            "node": "Exchange Microsoft Code for Token",
            "type": "main",
            "index": 0
          }
        ]
      ]
    },
    "Exchange Google Code for Token": {
      "main": [
        [
          {
            "node": "Store Google Tokens in Sheet",
            "type": "main",
            "index": 0
          }
        ]
      ]
    },
    "Exchange Microsoft Code for Token": {
      "main": [
        [
          {
            "node": "Store Microsoft Tokens in Sheet",
            "type": "main",
            "index": 0
          }
        ]
      ]
    },
    "Store Google Tokens in Sheet": {
      "main": [
        [
          {
            "node": "Google Success Response",
            "type": "main",
            "index": 0
          }
        ]
      ]
    },
    "Store Microsoft Tokens in Sheet": {
      "main": [
        [
          {
            "node": "Microsoft Success Response",
            "type": "main",
            "index": 0
          }
        ]
      ]
    },
    "Google Success Response": {
      "main": [
        [
          {
            "node": "Send Admin Email",
            "type": "main",
            "index": 0
          }
        ]
      ]
    },
    "Microsoft Success Response": {
      "main": [
        [
          {
            "node": "Send Admin Email",
            "type": "main",
            "index": 0
          }
        ]
      ]
    }
  },
  "pinData": {}
}